Date,Machine Name,Competitor Post Text,Rebranded Text,Media URL,Target Buyer Group,Status
21/07/2026,6Fy-35 Rollermill,6Fy-35 Rollermills available. Order yours Today and make payments after delivery installation and testing. Produces grade 1 sifter flour 450-500kgs/hr.,"🌾 The machine that produces UNGA YA JOGOO quality flour is now available in Nakuru!

The 6Fy-35 Rollermill is the gold standard for commercial flour milling in Kenya. Instead of hammers, it uses precision steel rollers to produce buttery-soft Grade 1 sifted flour that commands the best prices at the market.

✅ Output: 450–500 kgs per hour
✅ Grade 1 sifted flour
✅ Pay after delivery, installation & testing
✅ 1-year warranty included

💰 Price: Ksh 370,000
📞 WhatsApp: wa.me/254713812392

#HarvestFarmMachinery #Rollermills #PoshoMill #KenyanFarmers #NakuruBusiness",https://res.cloudinary.com/dhxkhdrlr/image/upload/v1784550731/rollermills_kyhrja.png,Commercial millers / posho mill entrepreneurs,Scheduled
22/07/2026,Maize Sheller,Maize Shelling machine for sale. Ksh 40000.,"🌽 Did you know manual maize shelling can take a family 3–4 days for a single acre harvest?

A maize shelling machine changes all that. Here's how it works:

1️⃣ Dry maize cobs are fed into the hopper
2️⃣ The internal cylinder spins at high speed, stripping kernels from cobs
3️⃣ Clean maize grain exits through one spout — empty cobs through another
4️⃣ A built-in fan blows away chaff automatically

⏱️ What took your family 4 days now takes 2 HOURS.

This is what it means to modernize your farm. 🚜

📞 Want to know more? WhatsApp: wa.me/254713812392

#MaizeSheller #SmartFarming #KilimoKenya #FarmTechnology #HarvestFarmMachinery",https://res.cloudinary.com/dhxkhdrlr/image/upload/v1784551181/maize_shellers_2_visjp1.png,Maize farmers,Scheduled
23/07/2026,Electric Poshomill,Electric poshomill ksh 58000.,"☕ Quick question for our farmers and millers:

You're starting a posho mill business with Ksh 100,000. What do you prioritize first?

🔵 Buy the milling machine
🟡 Secure a good location
🟢 Get customers first, then buy the machine
🔴 Partner with someone who already has a machine

Comment your choice below 👇 — there's no wrong answer, we want to hear your experience!

📞 Thinking of starting your own milling business? Let's talk: wa.me/254713812392

#PoshoMillBusiness #KenyanEntrepreneur #AgribusinessKenya #HarvestFarmMachinery",https://res.cloudinary.com/dhxkhdrlr/image/upload/v1784551529/Electric_poshomill_sggnvh.png,Aspiring small business owners,Posted ✅
24/07/2026,Diesel Poshomill,Diesel poshomills ksh 70000 only. Pay on Delivery.,"⚡ No electricity? No problem.

The Diesel Poshomill is built for Kenya's off-grid areas — Baringo, Turkana, Laikipia, remote Rift Valley locations where KPLC lines haven't reached yet.

Run a profitable posho mill business anywhere, with full independence from the power grid.

✅ Powered by a reliable diesel engine
✅ Produces quality maize flour
✅ Rugged build for heavy daily use
✅ Pay after free home delivery

💰 Price: Ksh 70,000
📞 Order on WhatsApp: wa.me/254713812392

#DieselPoshomill #OffGridFarming #RuralKenya #PoshoMillKenya #HarvestFarmMachinery",https://res.cloudinary.com/dhxkhdrlr/image/upload/v1784551689/Diesel_poshomills_qr0d6z.jpg,Rural / off-grid farmers,Posted ✅
25/07/2026,Electric Chaffcutter,Electric chaffcutter available.,"🐄 Here's something every dairy farmer should know:

The way you cut your Napier grass DIRECTLY affects how much milk your cows produce.

When forage is cut too long:
❌ Cows pick and choose, leaving good feed
❌ More wastage = higher feed cost per litre of milk
❌ Slower digestion = lower milk output

When you use a chaffcutter for uniform short cuts:
✅ Cows eat 100% of the forage — zero waste
✅ Better digestion = better nutrient absorption
✅ Up to 15% more milk production

A chaffcutter doesn't just save you time — it directly pays for itself in extra litres of milk. 🥛

📞 Ask us about our electric chaffcutters: wa.me/254713812392

#DairyFarming #NapierGrass #ChaffCutter #HarvestFarmMachinery #KilimoKenya",https://res.cloudinary.com/dhxkhdrlr/image/upload/v1784551967/electric_Chuffcutter_ys1egh.png,Zero-grazing dairy farmers,Posted ✅
26/07/2026,Combined Diesel and Electric Poshomill,Combined diesel and electric Poshomill. Ksh 95000.,"🤔 Power cuts in your area are:

A) Rare — electricity is reliable
B) 2–3 times a week
C) Almost daily
D) What's electricity? 😅

This is exactly why we stock the Combined Diesel AND Electric Poshomill — one machine, two power sources. When KPLC goes off, you switch to diesel and keep milling.

Your business never stops. 💪

Comment your letter below! We're curious which areas have the worst power situation.

📞 WhatsApp: wa.me/254713812392

#LoadShedding #KPLCKenya #PoshoMill #HarvestFarmMachinery #CombinedPoshomill",https://res.cloudinary.com/dhxkhdrlr/image/upload/v1784552307/Combined_diesel_and_electric_Poshomill_2_z29ht7.png,Millers in areas with frequent power cuts,Posted ✅
27/07/2026,Diesel Poshomill,Diesel Poshomill ksh 70000. Pay after free home delivery.,"🌾 Start your own milling business TODAY — and only pay after delivery!

The Diesel Poshomill from Harvest Farm Machinery is the most popular starter machine for new millers in Kenya.

Why farmers choose it:
⭐ No electricity needed — pure diesel power
⭐ Low maintenance — simple, proven engine
⭐ Profitable from day one
⭐ Free home delivery to your location

💰 Price: Ksh 70,000
🚚 Pay AFTER delivery — no risk to you!

DM us or WhatsApp now to place your order 👇
📞 wa.me/254713812392

#PoshoMill #DieselEngine #FarmBusiness #PayAfterDelivery #HarvestFarmMachinery",https://res.cloudinary.com/dhxkhdrlr/image/upload/v1784552578/Diesel_Poshomill_lwdgl5.png,New entrepreneurs / first-time buyers,Posted ✅
28/07/2026,Duo Choppermill,"Duo Choppermill. 22Hp Diesel + 15Hp 3 phase Electric. Price ksh.245,000.","🐄🐔 The Duo Choppermill: Two machines in one — here's why it matters for your farm.

Most choppermills do ONE thing. The Duo does TWO:

🌿 MODE 1 — Silage Chopping:
Feed Napier grass, maize stalks, or other green forage through the side chute. The machine chops it into uniform pieces for your dairy cattle.

🌽 MODE 2 — Dry Feed Grinding:
Pour dry maize, sorghum, or sunflower husks into the top hopper. The machine grinds it into animal feed meal for your poultry, pigs, or beef cattle.

Switch between modes in seconds. No extra machine needed.

Powered by a massive 22Hp Diesel + 15Hp Electric motor — this beast handles commercial volumes with ease. 💪

💰 Price: Ksh 245,000
📞 wa.me/254713812392

#DuoChoppermill #AnimalFeed #LivestockFarming #DairyKenya #HarvestFarmMachinery",https://res.cloudinary.com/dhxkhdrlr/image/upload/v1784553199/Duo_Choppermill_hpq5b9.png,Large-scale dairy / commercial livestock farmers,Posted ✅
29/07/2026,Diesel Choppermill,Diesel choppermills available. Chopps silage and grinds dry feeds.,"🌿 Poll for our dairy farmers:

How do you currently prepare silage/feed for your cows?

🔵 Manually — we cut by hand/panga
🟡 We use a small petrol choppermill
🟢 We use a diesel choppermill
🔴 We buy ready-made feed from a supplier

No judgement here — we just want to understand where most farmers are at! Drop your answer in the comments 👇

💡 If you're still cutting by hand, we need to talk. A choppermill pays for itself within a few months. 😊

📞 wa.me/254713812392

#SilageMaking #DairyCattle #LivestockFarming #HarvestFarmMachinery #KilimoKenya",https://res.cloudinary.com/dhxkhdrlr/image/upload/v1784553481/Diesel_choppermills_jkezf2.png,Dairy and livestock farmers,Posted ✅
30/07/2026,Diesel Powered Maize Sheller,Diesel powered maize sheller. Contact us.,"🌽 Harvest season is coming — are you ready?

The Diesel Powered Maize Sheller from Harvest Farm Machinery gets your maize off the cob FAST, so you can sell while prices are still good.

⏱️ Shell a full acre of maize in under an hour
🔋 Fully diesel-powered — works anywhere
🌾 Clean separation: grain one side, cobs the other
💰 Pay after delivery — zero upfront risk

Stop losing money to slow manual shelling. Time is money during harvest!

📞 Order yours now on WhatsApp: wa.me/254713812392

#MaizeSheller #MaizeFarming #HarvestSeason #KilimoKenya #HarvestFarmMachinery",https://res.cloudinary.com/dhxkhdrlr/image/upload/v1784553754/Diesel_powered_maize_sheller_pc3omv.png,Maize farmers,Posted ✅
31/07/2026,6Fy-35 Unga ya Jogoo Rollermill,"6Fy-35 Unga ya Jogoo Rollermills. Price ksh.370,000.","🌾 What's the difference between GRADE 1 and GRADE 2 maize flour?

Most small millers produce Grade 2 (hammer mill flour). Here's why Grade 1 commands a PREMIUM price:

📊 Grade 2 (Hammer Mill):
• Hammers SMASH the grain at high speed
• Some bran and germ gets mixed in
• Slightly yellow/cream color
• Sells at standard market rate

🏆 Grade 1 (Roller Mill):
• Rollers PRESS and PEEL the grain gently
• Bran and germ separated completely
• Bright white, fine, smooth flour — Unga ya Jogoo quality!
• Commands 20–30% HIGHER price per 2kg packet

This is why the 6Fy-35 Rollermill at Ksh 370,000 is an INVESTMENT, not an expense. 💡

📞 wa.me/254713812392

#Rollermill #GradeOneFlour #MillingBusiness #UngaYaJogoo #HarvestFarmMachinery",https://res.cloudinary.com/dhxkhdrlr/image/upload/v1784554146/Unga_ya_Jogoo_Rollermills_mvu2ri.png,Commercial millers wanting to upgrade,Posted ✅
01/08/2026,7.5Hp Electric Poshomill,"7.5Hp Electric Poshomill. Produces grade 2 Flour. Price ksh.70,000.","🌾 This is for the millers and poshomill owners out there:

What is the BIGGEST challenge running your milling business right now?

💡 A) Power cuts from KPLC
💰 B) Competition from other millers
🔧 C) Machine breakdowns
👥 D) Getting enough customers
📦 E) Finding quality maize to mill

Tag a fellow miller and let's get real answers! We want to hear the truth from the ground. 👇

📞 We have solutions for challenges A and C — WhatsApp us: wa.me/254713812392

#PoshoMillBusiness #MillingKenya #AgribusinessKenya #HarvestFarmMachinery",https://res.cloudinary.com/dhxkhdrlr/image/upload/v1784554766/Electric_Poshomill._uuzxkl.png,Existing posho mill owners,Posted ✅
02/08/2026,Duo Poshomill (Electric/Diesel),"Duo Poshomill. 7.5hp Electric + 10Hp Diesel. Price:Ksh.110,000.","⚡🔥 The Duo Poshomill — Never stop milling, no matter what happens with the power.

This machine runs on BOTH:
• 7.5Hp Electric motor (when KPLC is on)
• 10Hp Diesel engine (when it's not)

Switch between power sources in minutes. Your milling business keeps running 24/7, rain or shine, power or no power.

✅ Double power source
✅ Produces quality Grade 2 flour
✅ Heavy-duty commercial build
✅ Pay after delivery and testing

💰 Price: Ksh 110,000
📞 Order on WhatsApp: wa.me/254713812392

#DuoPoshomill #HybridMill #PoshoMillKenya #NeverStopMilling #HarvestFarmMachinery",https://res.cloudinary.com/dhxkhdrlr/image/upload/v1784554969/Duo_Poshomill_2_rogbta.png,Millers in areas with frequent outages,Posted ✅
03/08/2026,Diesel Powered Maize Sheller (35 bags/hr),"Diesel powered maize sheller. Produces 35 bags/hr. Price ksh.95,000.","🌽 How much money are you LOSING to slow maize shelling?

Let's do the math for an average Kenyan maize farmer:

📌 2 acres of maize = ~60 bags (90kg each)
📌 Manual shelling: 5–6 bags per person per day
📌 You need 3 people × 4 days = 12 man-days
📌 Cost at Ksh 500/day = Ksh 6,000 in labour
📌 PLUS: maize prices drop 3–5% per week after harvest!

With a Diesel Maize Sheller at 35 bags/hour:
✅ 60 bags done in under 2 hours
✅ Labour cost: nearly Ksh 0
✅ Sell at peak harvest price

The machine pays for itself in a single harvest season. 💡

📞 wa.me/254713812392

#MaizeSheller #SmartFarming #MaizeFarming #HarvestFarmMachinery #KilimoKenya",https://res.cloudinary.com/dhxkhdrlr/image/upload/v1784555216/Diesel_powered_maize_sheller_o0fpr0.png,Maize farmers with medium-large acreage,Posted ✅
04/08/2026,10Hp Diesel Choppermill,"10Hp Diesel choppermills available. Price ksh.70,000.","🐄 Real talk: How many cows do you need before a choppermill makes financial sense?

We hear this question ALL the time. Here's our honest answer:

For 1–2 dairy cows: A simple chaffcutter works fine.
For 3–5 cows: A small electric/petrol choppermill starts to make sense.
For 6+ cows: A diesel choppermill saves you significant time and money every single day.

💬 But we want to hear from YOU:

How many livestock do you keep, and how do you currently prepare their feed?

Share in the comments — your experience might help another farmer make a decision! 👇

📞 wa.me/254713812392

#DairyCattle #LivestockFarming #AnimalFeed #ChopperMill #HarvestFarmMachinery",https://res.cloudinary.com/dhxkhdrlr/image/upload/v1784555423/10Hp_Diesel_choppermills_mh3nla.jpg,Dairy farmers (4–15 cows),Posted ✅
05/08/2026,22Hp Silage Chopping Machine,"22Hp Silage Chopping machines available. Price ksh.185,000.","🚜 For serious dairy operations and silage contractors — this one's for you.

The 22Hp Diesel Silage Chopping Machine is our most powerful forage processor. Built for commercial-scale silage making that small machines simply can't handle.

⚡ 22Hp diesel engine — raw, reliable power
🌿 High-volume throughput for large farms
🏗️ Industrial-grade build quality
🚛 Mounted on heavy-duty chassis for transport

If you're making silage for sale, supplying dairy cooperatives, or running a large mixed farm — this is your machine.

💰 Price: Ksh 185,000
🚚 Pay after delivery
📞 WhatsApp: wa.me/254713812392

#SilageMachine #CommercialFarming #DairyCooperative #HarvestFarmMachinery #LargeScaleFarming",https://res.cloudinary.com/dhxkhdrlr/image/upload/v1784555848/22Hp_Silage_Chopping_machine_w1lkeq.png,Large-scale dairy farmers / silage contractors,Posted ✅
06/08/2026,7.5Hp Petrol Choppermill,"7.5Hp Petrol Choppermill. Price ksh.40,000.","⛽ Petrol vs Diesel Choppermill: Which one is right for YOUR farm?

Here's an honest comparison to help you decide:

⛽ PETROL (7.5Hp — Ksh 40,000):
✅ Lower purchase price
✅ Lighter and more portable
✅ Easy to start (pull cord)
❌ Higher fuel cost per hour
🎯 Best for: Small farms, 1–5 cows, budget-conscious buyers

🛢️ DIESEL (10Hp — Ksh 70,000):
✅ More fuel-efficient per hour
✅ More torque — handles tough stalks easily
✅ Longer engine life
🎯 Best for: Medium-large farms, 6+ cows, daily heavy use

💡 Rule of thumb: If you use it daily, go diesel. If 3–4 times a week, petrol is fine.

📞 Need help choosing? WhatsApp us: wa.me/254713812392

#ChopperMill #PetrolVsDiesel #SmartFarming #HarvestFarmMachinery",https://res.cloudinary.com/dhxkhdrlr/image/upload/v1784556218/7.5Hp_Petrol_Choppermill_fpxyob.png,Small-scale dairy / livestock farmers,Posted ✅
07/08/2026,FY-35 Roller Mill with Pre-Crusher,"FY-35 Roller Mill with Pre-Crusher. 500 kg/hr. Grade 1 flour. KSh 370,000.","🌾 For millers who want to DOMINATE their market — the FY-35 Roller Mill with Pre-Crusher.

This isn't just a posho mill upgrade. This is a complete business transformation.

With this machine, you stop competing on price. Instead, you compete on QUALITY — and charge a premium.

🌟 What you produce:
• Ultra-white Grade 1 flour — Unga ya Jogoo quality
• 500kg per hour output
• Consistently fine, smooth texture

💰 BUSINESS CASE:
• Standard Grade 2 flour: Ksh 60–65/2kg
• Your Grade 1 flour: Ksh 75–80/2kg
• Extra margin per bag: Ksh 15–20
• Extra daily income: Ksh 3,750–5,000

💰 Machine Price: Ksh 370,000
🚚 Pay after delivery and installation
📞 wa.me/254713812392

#FY35RollerMill #GradeOneFlour #PremiumFlour #MillingBusiness #HarvestFarmMachinery",https://res.cloudinary.com/dhxkhdrlr/image/upload/v1784556604/Roller_Mill_with_Pre-Crusher_qnmqhp.png,Commercial millers / agribusiness investors,Posted ✅
08/08/2026,Combined Electric Poshomill,"Combined Electric Poshomill. Produces Unga no.1,2 and muthokoi. Price ksh.135,000.","🌟 One machine. Three products. Maximum profit.

The Combined Electric Poshomill is the complete milling solution for serious millers. In one pass, it produces:

✅ Unga No.1 — Grade 1 sifted white flour
✅ Unga No.2 — Grade 2 standard flour
✅ Muthokoi — the popular dehulled maize product

Serve ALL your customers' flour needs from a SINGLE machine. More products = more revenue = faster ROI.

🏭 Built for commercial milling operations
⚡ Electric-powered — clean and efficient
💰 Price: Ksh 135,000
🚚 Pay after delivery and full installation

📞 WhatsApp: wa.me/254713812392

#CombinedPoshomill #Muthokoi #PoshoMillBusiness #MillingKenya #HarvestFarmMachinery",https://res.cloudinary.com/dhxkhdrlr/image/upload/v1784556861/Combined_Electric_Poshomill._hpycl1.png,Medium-scale millers wanting to expand products,Posted ✅
09/08/2026,7.5Hp Electric Choppermill,"7.5Hp Electric Choppermills Available. Price ksh.68,000.","🐄🌿 Why the 7.5Hp Electric Choppermill is the most popular machine for Kenyan dairy farmers:

🔌 ELECTRIC POWERED:
No fuel cost per session — just plug in and go. Electricity cost increase is minimal compared to fuel savings.

💪 DUAL FUNCTION:
• Chops green Napier grass, maize stalks, and silage
• Grinds dry maize, sorghum and other grains
All in ONE machine.

📏 RIGHT SIZE:
7.5Hp is the sweet spot — powerful enough for 5–10 cows daily but not wasteful for a smallholder.

🔧 LOW MAINTENANCE:
Electric motors have fewer moving parts than diesel engines. Less to break, less to service.

💰 Price: Ksh 68,000 | Pay after delivery
📞 wa.me/254713812392

#ElectricChoppermill #DairyFarming #NapierGrass #HarvestFarmMachinery #KilimoKenya",https://res.cloudinary.com/dhxkhdrlr/image/upload/v1784557164/7.5Hp_Electric_Choppermills_fxotol.png,Zero-grazing dairy farmers (5–10 cows),Scheduled
10/08/2026,6Fy-35 Rollermill,6Fy-35 Rollermills available. Produces grade 1 sifter flour 450-500kgs/hr.,"🌾 How does a Roller Mill actually work? Let us break it down.

Most people know the posho mill (hammer mill). The roller mill is different — and produces a much higher quality product.

Here's the process step by step:

1️⃣ PRE-CRUSHING: Whole maize is cracked open between the first set of rollers
2️⃣ SIFTING: The cracked maize passes through vibrating sieves to separate bran
3️⃣ REFINING: The endosperm passes through finer rollers to produce smooth flour
4️⃣ FINAL SIFTING: A shaker produces the bright white Grade 1 flour

The result? Flour that is 30% whiter, 50% finer, and commands 25% higher market price.

This is the technology behind Jogoo, Dola, and Pembe flour brands. Now available for individual millers in Nakuru. 🌟

💰 Price: Ksh 370,000
📞 wa.me/254713812392

#RollerMill #FlourMilling #GradeOneFlour #HarvestFarmMachinery #MillingBusiness",https://res.cloudinary.com/dhxkhdrlr/image/upload/v1784550731/rollermills_kyhrja.png,Commercial millers,Scheduled
11/08/2026,Maize Sheller,Maize Shelling machine for sale. Ksh 40000.,"🌽 Farmers, be honest with us:

When is the WORST time you've tried to shell maize?

A) 🌧️ During the rainy season when cobs were still damp
B) ☀️ Middle of dry season — hands cracked from shelling
C) 🌙 Through the night before a market day deadline
D) 👨‍👩‍👧‍👦 With the whole family — and it STILL took days

We've heard all these stories from farmers around Kenya 😅

Share yours in the comments — and if you've made the switch to a maize sheller machine, tell us how it changed things for you!

📞 Ready to make the switch? wa.me/254713812392

#MaizeFarming #MaizeSheller #KilimoKenya #FarmerStories #HarvestFarmMachinery",https://res.cloudinary.com/dhxkhdrlr/image/upload/v1784551181/maize_shellers_2_visjp1.png,Maize farmers,Scheduled
12/08/2026,Electric Poshomill,Electric poshomill ksh 58000.,"⚡ Start your posho mill business without breaking the bank.

The Electric Poshomill from Harvest Farm Machinery is the most popular entry-level commercial milling machine in Nakuru — and for good reason.

✅ Powered by a reliable 5HP electric motor
✅ Compact design — fits in a small room or container
✅ Produces consistent Grade 2 quality flour
✅ Simple to operate — minimal training required
✅ Pay after FREE home delivery

People have built profitable milling businesses from much less. At Ksh 58,000, this machine can pay for itself in under 3 months with consistent customers.

💰 Price: Ksh 58,000
📞 Start your order on WhatsApp: wa.me/254713812392

#ElectricPoshomill #PoshoMillBusiness #StartYourBusiness #HarvestFarmMachinery #NakuruPoshomills",https://res.cloudinary.com/dhxkhdrlr/image/upload/v1784551529/Electric_poshomill_sggnvh.png,First-time business buyers,Scheduled
13/08/2026,Diesel Poshomill,Diesel poshomills ksh 70000 only.,"🛢️ How to care for your diesel poshomill engine — and make it last 10+ years.

5 simple maintenance tips every diesel mill owner should know:

1️⃣ CHANGE THE OIL EVERY 100 HOURS
Don't skip this. Old, dirty oil destroys engines. Use the correct grade.

2️⃣ CLEAN THE AIR FILTER WEEKLY
Dust and maize debris choke the engine over time. Takes 5 minutes, saves thousands.

3️⃣ CHECK COOLANT WATER DAILY
Water-cooled engines overheat if the water level drops. Check before every session.

4️⃣ INSPECT BELTS WEEKLY
Loose or cracked belts cause power loss. Replace at the first sign of wear.

5️⃣ LET THE ENGINE COOL DOWN
Don't shut off immediately after heavy use. Idle for 2–3 minutes first.

Follow these 5 rules and your machine will serve you for a decade. 💪

📞 Spare parts & servicing available: wa.me/254713812392

#DieselEngine #MaintenanceTips #PoshoMill #HarvestFarmMachinery #KenyanFarmers",https://res.cloudinary.com/dhxkhdrlr/image/upload/v1784551689/Diesel_poshomills_qr0d6z.jpg,Existing diesel poshomill owners,Scheduled
14/08/2026,Electric Chaffcutter,Electric chaffcutter available.,"🐄 Quick math for zero-grazing dairy farmers:

You have 5 dairy cows. Each cow eats about 40kg of Napier grass per day.
That's 200kg of grass to cut EVERY SINGLE DAY.

⏱️ Manual cutting with a panga: ~3 hours per day
⚡ With an electric chaffcutter: ~20 minutes per day

That's 2 hours 40 minutes saved. EVERY. DAY.

Over one year = 973 hours saved = over 40 FULL DAYS of your life back.

💬 What would YOU do with 40 extra days per year?

And more importantly — are you still cutting by hand? 👇

📞 Electric chaffcutters available: wa.me/254713812392

#ZeroGrazing #DairyFarming #ChaffCutter #TimeIsMoney #HarvestFarmMachinery #KilimoKenya",https://res.cloudinary.com/dhxkhdrlr/image/upload/v1784551967/electric_Chuffcutter_ys1egh.png,Zero-grazing dairy farmers,Scheduled
15/08/2026,Combined Diesel and Electric Poshomill,Combined diesel and electric Poshomill. Ksh 95000.,"🇰🇪 Happy Independence Day — Kenyans keep hustling! 🇰🇪

The real heroes are Kenya's hardworking farmers and small business owners.

For the mzee who built a milling business from nothing. For the mama who runs the posho mill while raising a family. For the young entrepreneur who won't let load shedding stop their hustle.

This one's for you: The Combined Diesel AND Electric Poshomill.

⚡ Electric when KPLC cooperates.
🛢️ Diesel when it doesn't.

Your business NEVER stops. 💪

💰 Price: Ksh 95,000
🚚 Pay after delivery and testing
📞 wa.me/254713812392

#HarvestFarmMachinery #KenyanEntrepreneur #PoshoMill #HustleKenya #IndependenceDay",https://res.cloudinary.com/dhxkhdrlr/image/upload/v1784552307/Combined_diesel_and_electric_Poshomill_2_z29ht7.png,Millers / entrepreneurs,Scheduled
16/08/2026,Diesel Poshomill,Diesel Poshomill ksh 70000. Pay after free home delivery.,"🌾 How much can you EARN from a posho mill business?

Let's do real numbers for a small-scale diesel poshomill:

📊 DAILY CAPACITY:
• Mills approx. 100–150kg of flour per hour
• Run 6 hours/day = 600–900kg of flour

💰 EARNINGS:
• Milling fee: Ksh 3–5 per kg (standard market rate)
• Daily income: 750kg × Ksh 4 = Ksh 3,000/day
• Monthly income (25 working days): Ksh 75,000/month

💸 COSTS:
• Diesel: ~Ksh 15,000/month
• Maintenance: ~Ksh 3,000/month
• Net profit: ~Ksh 57,000/month

Machine cost: Ksh 70,000
Payback period: ~6 weeks 🤯

📞 Ready to start? wa.me/254713812392

#PoshoMillBusiness #FarmBusiness #MillingIncome #KenyanEntrepreneur #HarvestFarmMachinery",https://res.cloudinary.com/dhxkhdrlr/image/upload/v1784552578/Diesel_Poshomill_lwdgl5.png,Aspiring entrepreneurs,Scheduled
17/08/2026,Duo Choppermill,"Duo Choppermill. 22Hp Diesel + 15Hp Electric. Price ksh.245,000.","🌿🌽 The age-old debate among livestock farmers:

Which is better for your animals?

🟢 Fresh-cut green Napier grass (silage)
OR
🟡 Dry maize/sorghum meal (crushed feed)

Obviously most farmers use BOTH — but which do YOUR animals respond to better?

We're asking because the Duo Choppermill handles BOTH types in one machine — and we want to know which feature you'd use MORE.

Drop your answer below 👇 and tell us what livestock you keep!

📞 wa.me/254713812392

#AnimalFeed #SilageVsDryFeed #DuoChoppermill #LivestockFarming #HarvestFarmMachinery",https://res.cloudinary.com/dhxkhdrlr/image/upload/v1784553199/Duo_Choppermill_hpq5b9.png,Dairy and livestock farmers,Scheduled
18/08/2026,Diesel Choppermill,Diesel choppermills available. Chopps silage and grinds dry feeds.,"🛢️ Stop spending on expensive commercial animal feed. Make your own.

The Diesel Choppermill lets you process raw forage and dry grains from your own farm into ready-to-eat livestock feed — at a fraction of the cost of buying commercial feed.

🌿 Chops: Napier grass, maize stalks, sugarcane tops, Rhodes grass
🌽 Grinds: Dry maize, sorghum, sunflower, wheat bran

🐄 Result: Happy, well-fed dairy cows that produce more milk
🐔 Result: Healthy broilers and layers with better feed conversion

Fully diesel-powered — works anywhere on your farm.

📞 Contact us for pricing and delivery: wa.me/254713812392

#DieselChoppermill #AnimalFeed #DairyFarming #PoultryFarming #HarvestFarmMachinery #KilimoKenya",https://res.cloudinary.com/dhxkhdrlr/image/upload/v1784553481/Diesel_choppermills_jkezf2.png,Dairy and poultry farmers,Scheduled
19/08/2026,Diesel Powered Maize Sheller,Diesel powered maize sheller. Contact us.,"🌽 5 signs you need to upgrade to a maize shelling machine:

1️⃣ Your hands are permanently rough and cracked from manual shelling
2️⃣ You're paying Ksh 5,000–10,000+ in labour every harvest just to shell maize
3️⃣ You always miss the best maize prices because shelling takes too long
4️⃣ You've had maize spoil in storage because you couldn't process it fast enough
5️⃣ Your back hurts from bending over cobs for hours 😩

If you recognized yourself in even ONE of these — a maize sheller will change your farming life.

⏱️ From days of work to hours.
💰 From expensive labour to minimal running cost.

📞 Diesel maize shellers available — wa.me/254713812392

#MaizeSheller #SmartFarming #HarvestSeason #MaizeFarming #HarvestFarmMachinery",https://res.cloudinary.com/dhxkhdrlr/image/upload/v1784553754/Diesel_powered_maize_sheller_pc3omv.png,Maize farmers,Scheduled
20/08/2026,6Fy-35 Unga ya Jogoo Rollermill,"6Fy-35 Unga ya Jogoo Rollermills. Price ksh.370,000.","🌾 For our millers and agribusiness people:

If you had Ksh 370,000 to invest in a milling machine, would you:

🔵 Buy the 6Fy-35 Roller Mill — produce Grade 1 premium flour and charge more per kg
🟡 Buy multiple smaller hammer mills — serve more customers at standard prices
🟢 Neither — invest in a different agribusiness entirely

This is a REAL business decision many farmers face. Let's debate it! 🤔

Share your choice AND your reasoning in the comments. Let's learn from each other. 👇

📞 We're happy to help you think through the business case: wa.me/254713812392

#MillingBusiness #AgribusinessKenya #InvestSmart #RollerMill #HarvestFarmMachinery",https://res.cloudinary.com/dhxkhdrlr/image/upload/v1784554146/Unga_ya_Jogoo_Rollermills_mvu2ri.png,Agribusiness investors / millers,Scheduled
21/08/2026,7.5Hp Electric Poshomill,"7.5Hp Electric Poshomill. Produces grade 2 Flour. Price ksh.70,000.","⚡ The 7.5Hp Electric Poshomill — more power, same great value.

This upgraded model is a step above our standard electric mill. The extra horsepower means:

✅ FASTER milling — higher output per hour
✅ HANDLES tougher, drier maize without straining
✅ RUNS COOLER — less heat buildup during long sessions
✅ LONGER lifespan from reduced motor stress

Produces Grade 2 flour that your neighbourhood customers love.

Perfect for established posho mills looking to increase capacity without going diesel.

💰 Price: Ksh 70,000
🚚 Free home delivery — pay after testing
📞 Order now: wa.me/254713812392

#ElectricPoshomill #PoshoMill #UpgradeYourMill #HarvestFarmMachinery #NakuruPoshomills",https://res.cloudinary.com/dhxkhdrlr/image/upload/v1784554766/Electric_Poshomill._uuzxkl.png,Existing millers upgrading capacity,Scheduled
22/08/2026,Duo Poshomill (Electric/Diesel),"Duo Poshomill. 7.5hp Electric + 10Hp Diesel. Price:Ksh.110,000.","⚡🛢️ How the Duo Poshomill's dual-power system actually works:

A lot of millers ask: 'Doesn't switching between electric and diesel waste time?'

Here's the honest answer — NO. Here's why:

🔌 ELECTRIC MODE:
The mill connects to the electric motor via a belt drive. Switch is on. Mill runs clean, quiet, and cheaply.

🛢️ WHEN POWER CUTS:
1. Start the diesel engine (60 seconds)
2. Engage the drive belt to the diesel pulley
3. Continue milling without interruption

Total switching time: Under 2 minutes.

Your customers barely wait. Your milling income is protected.

At Ksh 110,000, this machine is arguably the BEST value for serious millers in Kenya right now.

💰 Price: Ksh 110,000
📞 wa.me/254713812392

#DuoPoshomill #SmartBusiness #PoshoMill #HarvestFarmMachinery #MillingBusiness",https://res.cloudinary.com/dhxkhdrlr/image/upload/v1784554969/Duo_Poshomill_2_rogbta.png,Millers in power-unreliable areas,Scheduled
23/08/2026,Diesel Powered Maize Sheller (35 bags/hr),"Diesel powered maize sheller. Produces 35 bags/hr. Price ksh.95,000.","🌽 Harvest is coming — let's settle this once and for all:

What do you do with your maize cobs AFTER shelling?

A) 🔥 Burn them as firewood
B) 🐄 Feed them to the cows
C) 🌱 Compost them for fertilizer
D) 🏗️ Sell them as fuel to brick kilns
E) 😅 They just pile up... not sure what to do with them

Fun fact: Maize cobs are a great alternative fuel for brick kilns, jikos, and industrial boilers. What many farmers see as waste is someone else's income!

Share your answer below 👇

📞 For the machine that shells 35 bags/hr: wa.me/254713812392

#MaizeFarming #MaizeCobs #ZeroWaste #SmartFarming #HarvestFarmMachinery",https://res.cloudinary.com/dhxkhdrlr/image/upload/v1784555216/Diesel_powered_maize_sheller_o0fpr0.png,Maize farmers,Scheduled
24/08/2026,10Hp Diesel Choppermill,"10Hp Diesel choppermills available. Price ksh.70,000.","💪 Power, reliability, and value — the 10Hp Diesel Choppermill delivers all three.

This is the most popular diesel choppermill among medium-scale dairy farmers and livestock keepers in Kenya.

🌿 CHOPS: Napier grass, maize stalks, silage crops
🌽 GRINDS: Dry maize, sorghum, sunflower husks
🛢️ POWERED BY: 10Hp diesel engine — strong torque for tough fibrous material

Bigger farms. Bigger herds. Bigger savings.

At Ksh 70,000, it's one of the most affordable diesel choppermills in the market — and it comes with our pay-after-delivery guarantee.

💰 Price: Ksh 70,000
🚚 Free delivery, pay on arrival
📞 wa.me/254713812392

#DieselChoppermill #LivestockFarming #AnimalFeed #HarvestFarmMachinery #NakuruMachinery",https://res.cloudinary.com/dhxkhdrlr/image/upload/v1784555423/10Hp_Diesel_choppermills_mh3nla.jpg,Dairy farmers (6–20 cows),Scheduled
25/08/2026,22Hp Silage Chopping Machine,"22Hp Silage Chopping machines available. Price ksh.185,000.","🌿 What is silage and why do Kenya's best dairy farmers swear by it?

SILAGE is fermented, high-moisture forage stored in airtight conditions. Here's why it's a game-changer:

🟢 DURING RAINY SEASON:
Grass grows faster than cows can eat. Instead of wasting the surplus, you chop it, pack it into a pit/bag, and seal it.

☀️ DURING DRY SEASON:
When fresh grass is scarce and expensive, you open your silage pit. Your cows have high-quality feed — at ZERO extra cost.

🥛 THE RESULT:
Cows maintain consistent milk production year-round instead of dropping during dry spells.

A 22Hp Silage Chopper lets you process enough silage for a large herd or even sell excess to neighbouring farmers.

💰 Price: Ksh 185,000
📞 wa.me/254713812392

#SilageMaking #DairyFarming #FodderConservation #HarvestFarmMachinery #KilimoKenya",https://res.cloudinary.com/dhxkhdrlr/image/upload/v1784555848/22Hp_Silage_Chopping_machine_w1lkeq.png,Large dairy farmers / silage contractors,Scheduled
26/08/2026,7.5Hp Petrol Choppermill,"7.5Hp Petrol Choppermill. Price ksh.40,000.","⛽ For our smaller-scale dairy farmers:

You have 3 cows and a budget of Ksh 40,000 for a choppermill. What matters MOST to you?

🔵 A) Low purchase price (get the machine now)
🟡 B) Low running cost (save on fuel over time)
🟢 C) Easy to move around the farm (portability)
🔴 D) Simplicity — easy to fix if something goes wrong
🟣 E) Dual function — chops AND grinds

Your answer actually changes which machine we'd recommend to you!

Drop your letter and tell us a bit about your farm — we'll give you a personalized recommendation 👇

📞 Or just WhatsApp us directly: wa.me/254713812392

#ChopperMill #DairyFarmer #SmallholdFarming #HarvestFarmMachinery #KilimoKenya",https://res.cloudinary.com/dhxkhdrlr/image/upload/v1784556218/7.5Hp_Petrol_Choppermill_fpxyob.png,Small-scale farmers,Scheduled
27/08/2026,FY-35 Roller Mill with Pre-Crusher,"FY-35 Roller Mill with Pre-Crusher. 500 kg/hr. Grade 1 flour. KSh 370,000.","🌾 Calling all posho mill owners and millers:

Have you ever had a customer complain that your flour isn't white enough? 🤔

This is actually a VERY common complaint with hammer mills — not because of quality problems, but because Grade 1 roller mill flour is simply whiter and finer.

The good news? Grade 1 flour from a roller mill can be sold at Ksh 2–3 MORE per kg than Grade 2 flour.

💬 For those running a milling business: Are you currently producing Grade 1 or Grade 2 flour? And what price do you sell at?

Share below — let's have an honest milling business conversation! 👇

📞 Interested in upgrading to a roller mill? wa.me/254713812392

#MillingBusiness #GradeOneFlour #Rollermill #PoshoMill #HarvestFarmMachinery",https://res.cloudinary.com/dhxkhdrlr/image/upload/v1784556604/Roller_Mill_with_Pre-Crusher_qnmqhp.png,Millers considering upgrading,Scheduled
28/08/2026,Combined Electric Poshomill,"Combined Electric Poshomill. Produces Unga no.1,2 and muthokoi. Price ksh.135,000.","🌾 What is MUTHOKOI and why is it so popular in Kenya?

Muthokoi is one of Kenya's most beloved traditional foods — especially among the Kikuyu, Kamba, and Meru communities.

It's made from DEHULLED MAIZE — whole maize kernels with the outer skin removed, leaving the soft white endosperm.

How it's made with our Combined Electric Poshomill:
1️⃣ Whole dry maize is fed into the huller section
2️⃣ The machine removes the outer bran coat
3️⃣ The clean white kernels (muthokoi) come out ready to cook

🍲 Used to make Githeri, Mukimo, and Ugali — always in VERY high demand.

By producing muthokoi ALONGSIDE flour, your posho mill serves MORE customers and earns MORE revenue.

📞 Ask us about the Combined Electric Poshomill: wa.me/254713812392

#Muthokoi #KenyanFood #CombinedPoshomill #MillingBusiness #HarvestFarmMachinery",https://res.cloudinary.com/dhxkhdrlr/image/upload/v1784556861/Combined_Electric_Poshomill._hpycl1.png,Millers / cultural food processors,Scheduled
29/08/2026,7.5Hp Electric Choppermill,"7.5Hp Electric Choppermills Available. Price ksh.68,000.","💡 We need your opinion, farmers:

If you were buying a choppermill today, which feature would make you say YES immediately?

✅ A) Can use on electricity AND diesel (hybrid option)
✅ B) Chops AND grinds dry feeds (multipurpose)
✅ C) Comes with a 1-year warranty
✅ D) Pay after delivery — I can test it first
✅ E) Free delivery to my location
✅ F) Most fuel-efficient for its size

You can pick MORE THAN ONE! Drop your letters in the comments 👇

Your feedback genuinely helps us understand what Kenyan farmers value most. Thank you! 🙏

📞 wa.me/254713812392

#ChopperMill #FarmerFeedback #KenyanFarmers #HarvestFarmMachinery #KilimoKenya",https://res.cloudinary.com/dhxkhdrlr/image/upload/v1784557164/7.5Hp_Electric_Choppermills_fxotol.png,Dairy and livestock farmers,Scheduled
30/08/2026,6Fy-35 Rollermill,6Fy-35 Rollermills available. Produces grade 1 sifter flour 450-500kgs/hr.,"🌾 This is a question for Kenya's commercial millers:

When your customers ask for 'the white flour' — do you currently produce it?

⬜ A) Yes, we have a roller mill and produce Grade 1
🟨 B) No, we only do Grade 2 — it's what most customers buy
🟦 C) We blend Grade 1 and Grade 2 to hit a middle price
🟥 D) We tell customers Grade 2 IS white flour 😅

No shame here — every miller has to work with what they have.

But how many customers SPECIFICALLY ask for the whiter, finer Grade 1 flour in your area?

Comment below and let's understand the market demand together! 👇

📞 Ready to upgrade? wa.me/254713812392

#MillingKenya #GradeOneFlour #Rollermill #PoshoMillBusiness #HarvestFarmMachinery",https://res.cloudinary.com/dhxkhdrlr/image/upload/v1784550731/rollermills_kyhrja.png,Millers,Scheduled
31/08/2026,Maize Sheller,Maize Shelling machine for sale. Ksh 40000.,"🌽 Maize farmers — this machine will change your harvest season forever.

The Maize Sheller from Harvest Farm Machinery is simple, powerful, and affordable.

Here's what it does:
⚡ Strips kernels from cobs at incredible speed
🌬️ Built-in fan blows away chaff automatically
📦 Clean, ready-to-bag maize grain comes out one spout
🪵 Empty cobs exit from the other spout (perfect for fuel!)

No more sore hands. No more days of back-breaking shelling work. No more expensive labour bills during harvest season.

💰 Price: Ksh 40,000
🚚 Free delivery — pay after you see it work!
📞 WhatsApp order: wa.me/254713812392

#MaizeSheller #MaizeFarming #HarvestSeason #FarmMachinery #HarvestFarmMachinery",https://res.cloudinary.com/dhxkhdrlr/image/upload/v1784551181/maize_shellers_2_visjp1.png,Maize farmers,Scheduled
01/09/2026,Electric Poshomill,Electric poshomill ksh 58000.,"⚡ Starting a posho mill business: What you need beyond just the machine.

Buying the machine is step one. Here's what experienced millers say you also need:

🏠 1. LOCATION:
High foot-traffic areas — near market centres, bus stages, or residential estates work best.

🔌 2. POWER CONNECTION:
For an electric mill, you'll need a stable single-phase connection. Budget for wiring.

📋 3. COUNTY LICENCE:
A business permit from your county government. Usually Ksh 3,000–10,000 per year.

👥 4. FIRST CUSTOMERS:
Tell your neighbours, church members, and local market traders. Word of mouth is powerful in Kenya.

⚙️ 5. SPARE PARTS:
Keep at least one spare belt and sieve screen. Downtime loses customers.

We help with the machine — and share tips to make your business succeed. 💪

📞 wa.me/254713812392

#PoshoMillBusiness #StartYourBusiness #HarvestFarmMachinery #KenyanEntrepreneur",https://res.cloudinary.com/dhxkhdrlr/image/upload/v1784551529/Electric_poshomill_sggnvh.png,Aspiring entrepreneurs,Scheduled
02/09/2026,Diesel Poshomill,Diesel poshomills ksh 70000 only.,"🛢️ Diesel poshomill owners — we need your honest opinion:

What is the ONE thing you WISH someone had told you BEFORE buying your machine?

For example:
• 'I wish I knew to check the fuel quality in my area'
• 'I didn't expect maintenance costs to be this much'
• 'The location I chose was wrong — not enough customers'
• 'I should have bought a bigger capacity machine from the start'

Share your experience below — you might save a new buyer from making the same mistake! 👇

And if you're THINKING of buying — this thread is exactly the advice you need to read first.

📞 We're honest about everything — ask us anything: wa.me/254713812392

#PoshoMill #RealTalk #FarmerExperience #HarvestFarmMachinery #KenyanEntrepreneur",https://res.cloudinary.com/dhxkhdrlr/image/upload/v1784551689/Diesel_poshomills_qr0d6z.jpg,Existing and prospective millers,Scheduled
03/09/2026,Electric Chaffcutter,Electric chaffcutter available.,"⚡ Cut your daily feeding time from hours to minutes.

The Electric Chaffcutter is the most underrated time-saving machine for zero-grazing dairy farmers.

Instead of:
❌ 2–3 hours cutting Napier grass by hand every single day
❌ Sore hands, tired backs, monotonous work
❌ Inconsistent cut lengths that lead to feed wastage

You get:
✅ 20 minutes to cut all the grass your cows need
✅ Clean, uniform cuts that cows eat completely — zero waste
✅ More time for other farm activities that grow your business

The electric chaffcutter is a zero-fuel machine — just plug in, switch on, feed grass. That's it.

📞 Available now — WhatsApp: wa.me/254713812392

#ChaffCutter #ZeroGrazing #DairyFarming #TimeIsMoney #HarvestFarmMachinery",https://res.cloudinary.com/dhxkhdrlr/image/upload/v1784551967/electric_Chuffcutter_ys1egh.png,Zero-grazing dairy farmers,Scheduled
04/09/2026,Combined Diesel and Electric Poshomill,Combined diesel and electric Poshomill. Ksh 95000.,"⚡🛢️ Why the Combined Diesel/Electric Poshomill is the safest investment for Kenyan millers:

📊 ELECTRIC-ONLY MILL:
✅ Lower running cost per hour
❌ COMPLETELY STOPS when power goes off
❌ Kenya averages 4–8 hours of outages per week in many areas
💸 Lost income per outage day: Ksh 2,000–5,000+

🛢️ DIESEL-ONLY MILL:
✅ Works everywhere, anytime
❌ Higher fuel cost when electricity is available

⚡🛢️ COMBINED MILL:
✅ Electric when KPLC is on — cheapest running cost
✅ Diesel when KPLC is off — zero income loss
✅ Best of both worlds
💰 Extra cost vs electric-only: Ksh 37,000
💰 Recovered in: 2–3 weeks of avoided outage losses

💰 Price: Ksh 95,000
📞 wa.me/254713812392

#HybridPoshomill #LoadShedding #SmartBusiness #HarvestFarmMachinery",https://res.cloudinary.com/dhxkhdrlr/image/upload/v1784552307/Combined_diesel_and_electric_Poshomill_2_z29ht7.png,Millers in load-shedding areas,Scheduled
05/09/2026,Diesel Poshomill,Diesel Poshomill ksh 70000. Pay after free home delivery.,"🌾 We want to understand Kenya's rural milling market better:

In your village or town, how far is the nearest posho mill?

A) 🏘️ Right here — less than 1km
B) 🚶 About 2–5km away — walkable but annoying
C) 🚗 5–10km — need transport to get there
D) 😮 More than 10km — we really need one nearby!

This matters because many rural areas are underserved — there's a real business opportunity for whoever sets up the first posho mill in areas like D!

Where are you from? Share your location (county/town) and your answer below 👇

📞 Thinking of being that first miller in your area? Let's talk: wa.me/254713812392

#PoshoMill #RuralKenya #AgribusinessOpportunity #HarvestFarmMachinery #KilimoKenya",https://res.cloudinary.com/dhxkhdrlr/image/upload/v1784552578/Diesel_Poshomill_lwdgl5.png,Rural communities / aspiring entrepreneurs,Scheduled
06/09/2026,Duo Choppermill,"Duo Choppermill. 22Hp Diesel + 15Hp Electric. Price ksh.245,000.","🔥 The most powerful multipurpose farm machine we stock — the Duo Choppermill.

Powered by BOTH a 22Hp diesel engine AND a 15Hp 3-phase electric motor, this beast is for serious commercial operations.

✅ Chops green silage at commercial volumes
✅ Grinds dry feeds for poultry and livestock
✅ Handles the toughest, most fibrous material
✅ Dual power — never stops working
✅ Built for 8–12 hour daily operations

If you supply feed to multiple farms, run a livestock cooperative, or manage a large mixed farm — this is exactly what you need.

💰 Price: Ksh 245,000
🚚 Pay after delivery and full testing
📞 WhatsApp for order and delivery: wa.me/254713812392

#DuoChoppermill #CommercialFarming #AnimalFeed #HarvestFarmMachinery #AgribusinessKenya",https://res.cloudinary.com/dhxkhdrlr/image/upload/v1784553199/Duo_Choppermill_hpq5b9.png,Commercial livestock operations,Scheduled
07/09/2026,Diesel Choppermill,Diesel choppermills available. Chopps silage and grinds dry feeds.,"🌿 The secret to getting the most out of your diesel choppermill — 5 tips from experienced farmers:

1️⃣ FEED CONSISTENTLY, NOT IN BURSTS:
Don't throw in huge bunches at once. A steady, even feed gives cleaner cuts and protects the blades.

2️⃣ DRY YOUR MAIZE WELL BEFORE GRINDING:
Damp maize clings to the screen. Sun-dry for at least 2 days before milling.

3️⃣ CHANGE THE SCREEN SIZE FOR DIFFERENT FEEDS:
Fine screen for poultry feed. Coarser screen for cattle. Match screen to animal type.

4️⃣ SHARPEN OR REPLACE BLADES EVERY 3 MONTHS:
Dull blades use more fuel and produce less. Sharp blades = better quality AND lower diesel consumption.

5️⃣ CLEAN THE MACHINE AFTER EVERY SESSION:
Maize dust and grass residue attract moisture and rodents. A quick clean doubles machine lifespan.

📞 Spare parts and servicing available: wa.me/254713812392

#ChopperMill #FarmMachineryTips #AnimalFeed #HarvestFarmMachinery",https://res.cloudinary.com/dhxkhdrlr/image/upload/v1784553481/Diesel_choppermills_jkezf2.png,Existing choppermill owners,Scheduled
08/09/2026,Diesel Powered Maize Sheller,Diesel powered maize sheller. Contact us.,"🌽 Let's talk post-harvest losses — one of the biggest killers of farmer income in Kenya.

Studies show Kenyan farmers lose 20–30% of their maize harvest to post-harvest losses. That's roughly 1 bag out of every 4 that you grow... gone.

Sources of loss include:
🐀 Rodent damage in storage
💧 Moisture damage (aflatoxin)
⏱️ Delay in shelling = delayed drying = mold
📉 Forced to sell cheap because you can't process fast enough

A maize sheller directly eliminates the LAST TWO by letting you process your harvest the same week you pick it.

💬 Have you ever lost maize to post-harvest damage? What happened and what did you learn?

Share below — your experience is valuable to other farmers. 👇

📞 wa.me/254713812392

#PostHarvestLoss #MaizeFarming #MaizeSheller #SmartFarming #HarvestFarmMachinery",https://res.cloudinary.com/dhxkhdrlr/image/upload/v1784553754/Diesel_powered_maize_sheller_pc3omv.png,Maize farmers,Scheduled
09/09/2026,6Fy-35 Unga ya Jogoo Rollermill,"6Fy-35 Unga ya Jogoo Rollermills. Price ksh.370,000.","🌾 Produce Kenya's most trusted flour quality — RIGHT HERE IN NAKURU.

The 6Fy-35 Unga ya Jogoo Rollermill gives you the technology to produce Grade 1 flour that competes directly with Jogoo, Dola, and Pembe on quality — but with your own brand.

Imagine:
✨ Your own packaged flour brand
✨ Sold to supermarkets, hotels, and schools
✨ At premium Grade 1 pricing
✨ From your own mill in Nakuru

This isn't a dream — it's what our customers are already doing. 💪

✅ 500kg/hr output
✅ Grade 1 sifted flour
✅ Pay after delivery and installation
✅ Full training included

💰 Price: Ksh 370,000
📞 WhatsApp: wa.me/254713812392

#UngaYaJogoo #GradeOneFlour #Rollermill #FlourBusiness #HarvestFarmMachinery",https://res.cloudinary.com/dhxkhdrlr/image/upload/v1784554146/Unga_ya_Jogoo_Rollermills_mvu2ri.png,Commercial millers / agribusiness entrepreneurs,Scheduled
10/09/2026,7.5Hp Electric Poshomill,"7.5Hp Electric Poshomill. Produces grade 2 Flour. Price ksh.70,000.","⚡ Why 7.5Hp is the sweet spot for neighbourhood posho mill businesses.

Here's why experienced millers consistently recommend the 7.5Hp motor:

📊 BELOW 7.5Hp (5Hp):
• Cheaper but slower output
• Struggles with very dry maize
• Motor works harder = more heat = shorter lifespan

📊 7.5Hp — THE SWEET SPOT ✅:
• Perfect balance of power and cost
• Handles all maize types without straining
• Runs cooler = longer motor life
• Produces Grade 2 flour at commercial speed
• Single-phase electricity (available almost everywhere)

📊 ABOVE 7.5Hp (10Hp+):
• Requires three-phase power (not always available)
• Higher electricity cost
• Better for high-volume commercial operations only

💰 Price: Ksh 70,000 | Pay after delivery
📞 wa.me/254713812392

#ElectricPoshomill #PoshoMillBusiness #HarvestFarmMachinery #NakuruPoshomills",https://res.cloudinary.com/dhxkhdrlr/image/upload/v1784554766/Electric_Poshomill._uuzxkl.png,Prospective millers choosing machines,Scheduled
11/09/2026,Duo Poshomill (Electric/Diesel),"Duo Poshomill. 7.5hp Electric + 10Hp Diesel. Price:Ksh.110,000.","⚡🛢️ Quick survey for posho mill owners:

How often does power go off in your area on a typical week?

🟢 0–1 times — barely notice it
🟡 2–3 times — manageable
🔴 4–6 times — it seriously affects business
🔵 Daily outages — it's a nightmare

Because your answer to this question should DIRECTLY influence whether you buy an electric-only, diesel-only, or dual-power poshomill.

We've seen millers lose Ksh 3,000–8,000 per day during extended outages. That's money that could be protected with the right machine choice.

Drop your answer AND your county below 👇 — we want to know which regions have it worst.

📞 Let's find the right solution for your situation: wa.me/254713812392

#PoshoMill #LoadShedding #KPLCKenya #DuoPoshomill #HarvestFarmMachinery",https://res.cloudinary.com/dhxkhdrlr/image/upload/v1784554969/Duo_Poshomill_2_rogbta.png,Millers,Scheduled
12/09/2026,Diesel Powered Maize Sheller (35 bags/hr),"Diesel powered maize sheller. Produces 35 bags/hr. Price ksh.95,000.","🌽 35 bags of shelled maize per hour. Let that sink in.

Our high-capacity Diesel Powered Maize Sheller is the machine that serious maize farmers and agro-dealers use when they have VOLUME to process.

⚡ 35 × 90kg bags per hour = 3,150 kg of clean maize every 60 minutes
🛢️ Diesel-powered — works in your field, no power needed
🌬️ Auto-chaff separation — clean grain, ready to store or sell
💰 Pay only after delivery and demonstration

At this throughput, you can offer shelling services to neighbouring farmers and earn an extra income stream on top of your own harvest.

💰 Price: Ksh 95,000
📞 WhatsApp to order: wa.me/254713812392

#MaizeSheller #HighCapacity #MaizeFarming #AgribusinessKenya #HarvestFarmMachinery",https://res.cloudinary.com/dhxkhdrlr/image/upload/v1784555216/Diesel_powered_maize_sheller_o0fpr0.png,Large maize farmers / agro-dealers,Scheduled
13/09/2026,10Hp Diesel Choppermill,"10Hp Diesel choppermills available. Price ksh.70,000.","🌿 What size choppermill do you ACTUALLY need? A practical guide.

We get asked this every week — here's a clear, honest breakdown:

🐄 1–3 DAIRY COWS:
A manual or small electric chaffcutter is sufficient.
Budget: Ksh 15,000–25,000

🐄🐄 4–8 DAIRY COWS:
A 7.5Hp petrol or electric choppermill handles this comfortably.
Budget: Ksh 40,000–68,000

🐄🐄🐄 9–20 DAIRY COWS (or mixed livestock):
A 10Hp diesel choppermill is your ideal machine — powerful torque, fuel-efficient, built for daily heavy use.
Budget: Ksh 70,000

🏭 20+ COWS or COMMERCIAL FEED SUPPLIER:
The Duo Choppermill or the 22Hp Silage Chopper.
Budget: Ksh 185,000–245,000

Buying the right size saves you money AND frustration in the long run.

📞 Not sure? Tell us your farm size and we'll recommend: wa.me/254713812392

#ChopperMill #BuyingGuide #DairyFarming #HarvestFarmMachinery #KilimoKenya",https://res.cloudinary.com/dhxkhdrlr/image/upload/v1784555423/10Hp_Diesel_choppermills_mh3nla.jpg,Farmers choosing choppermill size,Scheduled
14/09/2026,22Hp Silage Chopping Machine,"22Hp Silage Chopping machines available. Price ksh.185,000.","🌿 Silage making season question:

For those who make silage — what's your biggest challenge?

😤 A) Getting enough labour to harvest and chop quickly
💰 B) The cost of plastic silage bags or pit lining
🌧️ C) Getting the timing right — too wet or too dry
⏰ D) Processing speed — takes too long to chop enough
🤷 E) I don't make silage yet — not sure where to start

Silage is one of the smartest things a Kenyan dairy farmer can do. But it requires the right equipment and knowledge.

If you answered D or E — we need to talk. The 22Hp Silage Chopper solves D, and we'll walk you through E. 😊

📞 wa.me/254713812392

Drop your answer and location below! 👇

#SilageMaking #DairyFarming #FodderConservation #HarvestFarmMachinery",https://res.cloudinary.com/dhxkhdrlr/image/upload/v1784555848/22Hp_Silage_Chopping_machine_w1lkeq.png,Dairy farmers,Scheduled
15/09/2026,7.5Hp Petrol Choppermill,"7.5Hp Petrol Choppermill. Price ksh.40,000.","⛽ Affordable. Portable. Powerful. The 7.5Hp Petrol Choppermill.

This is the machine that has helped hundreds of small-scale Kenyan dairy and livestock farmers cut feed costs dramatically — without a massive investment.

At just Ksh 40,000, it's our most budget-friendly multipurpose choppermill:

✅ Chops Napier grass and silage crops
✅ Grinds dry maize, sorghum, and sunflower husks
✅ Lightweight and easy to move around the farm
✅ Simple petrol engine — easy to service anywhere in Kenya
✅ Pay after FREE home delivery

Don't let feed costs eat your profits. Process your own feed with this machine. 💪

💰 Price: Ksh 40,000
🚚 Free delivery — pay after testing!
📞 wa.me/254713812392

#PetrolChoppermill #AffordableFarming #LivestockFarming #HarvestFarmMachinery #SmallholdFarming",https://res.cloudinary.com/dhxkhdrlr/image/upload/v1784556218/7.5Hp_Petrol_Choppermill_fpxyob.png,Small-scale farmers on a budget,Scheduled
16/09/2026,FY-35 Roller Mill with Pre-Crusher,"FY-35 Roller Mill with Pre-Crusher. 500 kg/hr. Grade 1 flour. KSh 370,000.","🌾 The FY-35 Roller Mill with Pre-Crusher: What does the 'Pre-Crusher' actually do?

Great question — and it's what sets this model apart from standard roller mills.

🔵 STANDARD ROLLER MILL:
Takes whole maize directly into the rollers → sometimes struggles with very hard kernels → slightly lower throughput

🟢 ROLLER MILL WITH PRE-CRUSHER:
1️⃣ Whole maize first passes through a PRE-CRUSHER stage
2️⃣ Pre-crusher cracks the grain into coarse pieces
3️⃣ These smaller pieces then enter the rollers
4️⃣ Result: LESS STRESS on the fine rollers = longer roller lifespan
5️⃣ Result: HIGHER and MORE CONSISTENT throughput (500kg/hr)

💡 Think of it as a two-stage process: first crack it, then refine it.

Lower maintenance costs + better flour quality over time. Worth the investment for serious commercial millers. 💪

💰 Price: Ksh 370,000
📞 wa.me/254713812392

#RollerMill #PreCrusher #FlourMilling #HarvestFarmMachinery #MillingBusiness",https://res.cloudinary.com/dhxkhdrlr/image/upload/v1784556604/Roller_Mill_with_Pre-Crusher_qnmqhp.png,Commercial millers,Scheduled
17/09/2026,Combined Electric Poshomill,"Combined Electric Poshomill. Produces Unga no.1,2 and muthokoi. Price ksh.135,000.","🌾 For our posho mill customers and millers:

What product do your customers ask for MOST that you currently CAN'T provide?

For example:
• 'People keep asking for muthokoi but I only produce flour'
• 'Customers want Grade 1 but my machine only does Grade 2'
• 'Animal feed grinding — I keep sending customers away'
• 'Sifted bran for chicken feed — there's real demand for it'

This matters because UNMET DEMAND = money you're currently leaving on the table.

Tell us what your customers ask for that you don't stock — and we'll tell you which machine addition would capture that income for you! 👇

📞 wa.me/254713812392

#PoshoMill #UnmetDemand #BusinessGrowth #MillingBusiness #HarvestFarmMachinery",https://res.cloudinary.com/dhxkhdrlr/image/upload/v1784556861/Combined_Electric_Poshomill._hpycl1.png,Posho mill owners,Scheduled
18/09/2026,7.5Hp Electric Choppermill,"7.5Hp Electric Choppermills Available. Price ksh.68,000.","🌿 Still the most popular machine we've sold this season!

The 7.5Hp Electric Choppermill continues to be the top choice for Kenya's dairy farmers. Here's what our customers say:

💬 'My cows' milk production went up within 2 weeks of using it.'
💬 'The feed wastage dropped completely — they eat everything now.'
💬 'I used to spend 3 hours feeding. Now it's 30 minutes.'
💬 'The best Ksh 68,000 I've ever invested in my farm.'

These are real stories from real farmers across Kenya. 🌾

✅ Dual function: chops silage AND grinds dry feeds
✅ Electric-powered — minimal running cost
✅ 7.5Hp — perfect capacity for 5–10 cows
✅ Pay after FREE home delivery

💰 Price: Ksh 68,000
📞 Order on WhatsApp: wa.me/254713812392

#ElectricChoppermill #DairyFarming #CustomerReviews #HarvestFarmMachinery #KilimoKenya",https://res.cloudinary.com/dhxkhdrlr/image/upload/v1784557164/7.5Hp_Electric_Choppermills_fxotol.png,Dairy and livestock farmers,Scheduled
